<?xml version="1.0" encoding="UTF-8" standalone="no"?>
<Entities>
    <ExtensionPackages>
        <ExtensionPackage dependsOn="" description="" minimumThingWorxVersion="6.0.0" name="PlotlyPlots" packageVersion="1.0.13" vendor="Thingworx Labs"> 
        </ExtensionPackage>
    </ExtensionPackages>
    <Widgets>
        <Widget name="timeseriesplot">
            <UIResources>
                <FileResource description="" file="timeseriesplot.ide.js" isDevelopment="true" isRuntime="false" type="JS"/>
                <FileResource description="" file="timeseriesplot.ide.css" isDevelopment="true" isRuntime="false" type="CSS"/>
                <FileResource description="" file="timeseriesplot.runtime.js" isDevelopment="false" isRuntime="true" type="JS"/>
                <FileResource description="" file="timeseriesplot.runtime.css" isDevelopment="false" isRuntime="true" type="CSS"/>
            </UIResources>
        </Widget>
        <Widget name="pieplot">
            <UIResources>
                <FileResource description="" file="pieplot.ide.js" isDevelopment="true" isRuntime="false" type="JS"/>
                <FileResource description="" file="pieplot.ide.css" isDevelopment="true" isRuntime="false" type="CSS"/>
                <FileResource description="" file="pieplot.runtime.js" isDevelopment="false" isRuntime="true" type="JS"/>
                <FileResource description="" file="pieplot.runtime.css" isDevelopment="false" isRuntime="true" type="CSS"/>
            </UIResources>
        </Widget>
        <Widget name="streamingplot">
            <UIResources>
                <FileResource description="" file="streamingplot.ide.js" isDevelopment="true" isRuntime="false" type="JS"/>
                <FileResource description="" file="streamingplot.ide.css" isDevelopment="true" isRuntime="false" type="CSS"/>
                <FileResource description="" file="streamingplot.runtime.js" isDevelopment="false" isRuntime="true" type="JS"/>
                <FileResource description="" file="streamingplot.runtime.css" isDevelopment="false" isRuntime="true" type="CSS"/>
            </UIResources>
        </Widget>
        <Widget name="simplebarplot">
            <UIResources>
                <FileResource description="" file="simplebarplot.ide.js" isDevelopment="true" isRuntime="false" type="JS"/>
                <FileResource description="" file="simplebarplot.ide.css" isDevelopment="true" isRuntime="false" type="CSS"/>
                <FileResource description="" file="simplebarplot.runtime.js" isDevelopment="false" isRuntime="true" type="JS"/>
                <FileResource description="" file="simplebarplot.runtime.css" isDevelopment="false" isRuntime="true" type="CSS"/>
            </UIResources>
        </Widget>
    </Widgets>
</Entities>
